Name,Mail,Organization
Daniel Parker,Candida.Borer@yahoo.com,Schoen Group
Tony Ryan,Mauricio_Wiegand51@yahoo.com,Cole Inc
Randolph Schoen,Daniella.Jacobi@gmail.com,"Brekke, Schmidt and Carter"
Anna Glover,Edgardo62@gmail.com,Wyman - Jast
Hattie Gaylord,Riley.Sauer@gmail.com,Wiegand - Okuneva
Kerry Lind,Ubaldo.Cruickshank32@yahoo.com,Stanton and Sons
Troy O'Kon,Jackson80@yahoo.com,"Braun, Streich and Marvin"
Miss Chester Hintz,Obie_Farrell61@yahoo.com,McCullough and Sons
Mrs. Frank Crooks,Filomena59@hotmail.com,Cormier Inc
Stephen Frami,Hollis_Padberg@gmail.com,Ferry - O'Kon
